{
  "HTTP Request - Home" : {
    "transaction" : "HTTP Request - Home",
    "sampleCount" : 79,
    "errorCount" : 0,
    "errorPct" : 0.0,
    "meanResTime" : 298.4810126582278,
    "medianResTime" : 263.0,
    "minResTime" : 213.0,
    "maxResTime" : 1040.0,
    "pct1ResTime" : 400.0,
    "pct2ResTime" : 454.0,
    "pct3ResTime" : 1040.0,
    "throughput" : 0.659625099152507,
    "receivedKBytesPerSec" : 446.07982298668225,
    "sentKBytesPerSec" : 0.07407899062747882
  },
  "HTTP Request - News" : {
    "transaction" : "HTTP Request - News",
    "sampleCount" : 77,
    "errorCount" : 0,
    "errorPct" : 0.0,
    "meanResTime" : 270.8051948051949,
    "medianResTime" : 259.0,
    "minResTime" : 214.0,
    "maxResTime" : 402.0,
    "pct1ResTime" : 332.6,
    "pct2ResTime" : 373.1,
    "pct3ResTime" : 402.0,
    "throughput" : 0.6625080662508066,
    "receivedKBytesPerSec" : 404.74238411486346,
    "sentKBytesPerSec" : 0.15462834749408474
  },
  "HTTP Request - Article" : {
    "transaction" : "HTTP Request - Article",
    "sampleCount" : 75,
    "errorCount" : 0,
    "errorPct" : 0.0,
    "meanResTime" : 193.52,
    "medianResTime" : 176.0,
    "minResTime" : 143.0,
    "maxResTime" : 445.0,
    "pct1ResTime" : 266.80000000000007,
    "pct2ResTime" : 323.40000000000003,
    "pct3ResTime" : 445.0,
    "throughput" : 0.6630303137459445,
    "receivedKBytesPerSec" : 288.87103273049144,
    "sentKBytesPerSec" : 0.08935369462591829
  },
  "HTTP Request - News-0" : {
    "transaction" : "HTTP Request - News-0",
    "sampleCount" : 77,
    "errorCount" : 0,
    "errorPct" : 0.0,
    "meanResTime" : 23.974025974025974,
    "medianResTime" : 24.0,
    "minResTime" : 20.0,
    "maxResTime" : 34.0,
    "pct1ResTime" : 28.0,
    "pct2ResTime" : 29.099999999999994,
    "pct3ResTime" : 34.0,
    "throughput" : 0.6637873811432661,
    "receivedKBytesPerSec" : 0.547821583973414,
    "sentKBytesPerSec" : 0.07778758372772648
  },
  "HTTP Request - News-1" : {
    "transaction" : "HTTP Request - News-1",
    "sampleCount" : 77,
    "errorCount" : 0,
    "errorPct" : 0.0,
    "meanResTime" : 246.6103896103896,
    "medianResTime" : 235.0,
    "minResTime" : 194.0,
    "maxResTime" : 378.0,
    "pct1ResTime" : 310.40000000000003,
    "pct2ResTime" : 345.69999999999993,
    "pct3ResTime" : 378.0,
    "throughput" : 0.6626391972599439,
    "receivedKBytesPerSec" : 404.2756212645867,
    "sentKBytesPerSec" : 0.07700592233782551
  },
  "Total" : {
    "transaction" : "Total",
    "sampleCount" : 385,
    "errorCount" : 0,
    "errorPct" : 0.0,
    "meanResTime" : 207.22337662337662,
    "medianResTime" : 229.0,
    "minResTime" : 20.0,
    "maxResTime" : 1040.0,
    "pct1ResTime" : 330.0,
    "pct2ResTime" : 354.7,
    "pct3ResTime" : 457.49999999999966,
    "throughput" : 3.214628647768547,
    "receivedKBytesPerSec" : 1504.4741101062498,
    "sentKBytesPerSec" : 0.45858849883104413
  }
}